meal_date,term,term_week,day_of_week,is_exam_week,student_enrolment,attendance_rate,rolling_7day_avg,meals_served
2026-01-05,Term 1 2026,1,0,0,50,0.85,38,38
2026-01-06,Term 1 2026,1,1,0,50,0.76,38.0,41
2026-01-07,Term 1 2026,1,2,0,50,0.79,39.5,40
2026-01-08,Term 1 2026,1,3,0,50,0.7933,39.67,40
2026-01-09,Term 1 2026,1,4,0,50,0.795,39.75,38
2026-01-12,Term 1 2026,2,0,0,50,0.788,39.4,41
2026-01-13,Term 1 2026,2,1,0,50,0.7933,39.67,43
2026-01-14,Term 1 2026,2,2,0,50,0.8029,40.14,42
2026-01-15,Term 1 2026,2,3,0,50,0.8143,40.71,45
2026-01-16,Term 1 2026,2,4,0,50,0.8257,41.29,41
2026-01-19,Term 1 2026,3,0,0,50,0.8286,41.43,40
2026-01-20,Term 1 2026,3,1,0,50,0.8286,41.43,45
2026-01-21,Term 1 2026,3,2,0,50,0.8486,42.43,43
2026-01-22,Term 1 2026,3,3,0,50,0.8543,42.71,45
2026-01-23,Term 1 2026,3,4,0,50,0.86,43.0,42
2026-01-26,Term 1 2026,4,0,0,50,0.86,43.0,39
2026-01-27,Term 1 2026,4,1,0,50,0.8429,42.14,44
2026-01-28,Term 1 2026,4,2,0,50,0.8514,42.57,45
2026-01-29,Term 1 2026,4,3,0,50,0.8657,43.29,44
2026-01-30,Term 1 2026,4,4,0,50,0.8629,43.14,42
2026-02-02,Term 1 2026,5,0,0,50,0.86,43.0,41
2026-02-03,Term 1 2026,5,1,0,50,0.8486,42.43,45
2026-02-04,Term 1 2026,5,2,0,50,0.8571,42.86,43
2026-02-05,Term 1 2026,5,3,0,50,0.8686,43.43,43
2026-02-06,Term 1 2026,5,4,0,50,0.8657,43.29,43
2026-02-09,Term 1 2026,6,0,0,50,0.86,43.0,41
2026-02-10,Term 1 2026,6,1,0,50,0.8514,42.57,44
2026-02-11,Term 1 2026,6,2,0,50,0.8571,42.86,44
2026-02-12,Term 1 2026,6,3,0,50,0.8657,43.29,44
2026-02-13,Term 1 2026,6,4,0,50,0.8629,43.14,40
2026-02-16,Term 1 2026,7,0,0,50,0.8543,42.71,40
2026-02-17,Term 1 2026,7,1,0,50,0.8457,42.29,45
2026-02-18,Term 1 2026,7,2,0,50,0.8514,42.57,45
2026-02-19,Term 1 2026,7,3,0,50,0.8629,43.14,42
2026-02-20,Term 1 2026,7,4,0,50,0.8571,42.86,42
2026-02-23,Term 1 2026,8,0,0,50,0.8514,42.57,40
2026-02-24,Term 1 2026,8,1,0,50,0.84,42.0,43
2026-02-25,Term 1 2026,8,2,0,50,0.8486,42.43,44
2026-02-26,Term 1 2026,8,3,0,50,0.86,43.0,44
2026-02-27,Term 1 2026,8,4,0,50,0.8571,42.86,40
2026-03-02,Term 1 2026,9,0,0,50,0.8429,42.14,40
2026-03-03,Term 1 2026,9,1,0,50,0.8371,41.86,45
2026-03-04,Term 1 2026,9,2,0,50,0.8457,42.29,45
2026-03-05,Term 1 2026,9,3,0,50,0.86,43.0,43
2026-03-06,Term 1 2026,9,4,0,50,0.86,43.0,40
2026-03-09,Term 1 2026,10,0,0,50,0.8486,42.43,40
2026-03-10,Term 1 2026,10,1,0,50,0.8371,41.86,45
2026-03-11,Term 1 2026,10,2,0,50,0.8514,42.57,43
2026-03-12,Term 1 2026,10,3,0,50,0.86,43.0,45
2026-03-13,Term 1 2026,10,4,0,50,0.86,43.0,42
2026-03-16,Term 1 2026,11,0,0,50,0.8514,42.57,43
2026-03-17,Term 1 2026,11,1,0,50,0.8514,42.57,45
2026-03-18,Term 1 2026,11,2,0,50,0.8657,43.29,44
2026-03-19,Term 1 2026,11,3,0,50,0.8771,43.86,44
2026-03-20,Term 1 2026,11,4,0,50,0.8743,43.71,41
2026-03-23,Term 1 2026,12,0,1,50,0.8686,43.43,37
2026-03-24,Term 1 2026,12,1,1,50,0.8457,42.29,38
2026-03-25,Term 1 2026,12,2,1,50,0.8343,41.71,38
2026-03-26,Term 1 2026,12,3,1,50,0.82,41.0,37
2026-03-27,Term 1 2026,12,4,1,50,0.7971,39.86,36
2026-03-30,Term 1 2026,13,0,1,50,0.7743,38.71,36
2026-03-31,Term 1 2026,13,1,1,50,0.7514,37.57,39
2026-04-01,Term 1 2026,13,2,1,50,0.7457,37.29,39
2026-04-02,Term 1 2026,13,3,1,50,0.7514,37.57,38
2026-05-04,Term 2 2026,1,0,0,50,0.7514,37.57,38
2026-05-05,Term 2 2026,1,1,0,50,0.7514,37.57,41
2026-05-06,Term 2 2026,1,2,0,50,0.7629,38.14,38
2026-05-07,Term 2 2026,1,3,0,50,0.7686,38.43,41
2026-05-08,Term 2 2026,1,4,0,50,0.7829,39.14,37
2026-05-11,Term 2 2026,2,0,0,50,0.7771,38.86,41
2026-05-12,Term 2 2026,2,1,0,50,0.7829,39.14,44
2026-05-13,Term 2 2026,2,2,0,50,0.8,40.0,44
2026-05-14,Term 2 2026,2,3,0,50,0.8171,40.86,43
2026-05-15,Term 2 2026,2,4,0,50,0.8229,41.14,41
2026-05-18,Term 2 2026,3,0,0,50,0.8314,41.57,40
2026-05-19,Term 2 2026,3,1,0,50,0.8286,41.43,44
2026-05-20,Term 2 2026,3,2,0,50,0.8486,42.43,45
2026-05-21,Term 2 2026,3,3,0,50,0.86,43.0,45
2026-05-22,Term 2 2026,3,4,0,50,0.8629,43.14,42
2026-05-25,Term 2 2026,4,0,0,50,0.8571,42.86,41
2026-05-26,Term 2 2026,4,1,0,50,0.8514,42.57,45
2026-05-27,Term 2 2026,4,2,0,50,0.8629,43.14,43
2026-05-28,Term 2 2026,4,3,0,50,0.8714,43.57,45
2026-05-29,Term 2 2026,4,4,0,50,0.8743,43.71,41
2026-06-02,Term 2 2026,5,1,0,50,0.8629,43.14,44
2026-06-03,Term 2 2026,5,2,0,50,0.86,43.0,45
2026-06-04,Term 2 2026,5,3,0,50,0.8686,43.43,43
2026-06-05,Term 2 2026,5,4,0,50,0.8743,43.71,41
2026-06-08,Term 2 2026,6,0,0,50,0.8629,43.14,39
2026-06-09,Term 2 2026,6,1,0,50,0.8514,42.57,45
2026-06-10,Term 2 2026,6,2,0,50,0.8514,42.57,43
2026-06-11,Term 2 2026,6,3,0,50,0.8571,42.86,43
2026-06-12,Term 2 2026,6,4,0,50,0.8543,42.71,41
2026-06-15,Term 2 2026,7,0,0,50,0.8429,42.14,40
2026-06-16,Term 2 2026,7,1,0,50,0.8343,41.71,45
2026-06-17,Term 2 2026,7,2,0,50,0.8457,42.29,42
2026-06-18,Term 2 2026,7,3,0,50,0.8543,42.71,43
2026-06-19,Term 2 2026,7,4,0,50,0.8486,42.43,41
2026-06-22,Term 2 2026,8,0,0,50,0.8429,42.14,42
2026-06-23,Term 2 2026,8,1,0,50,0.84,42.0,44
2026-06-24,Term 2 2026,8,2,0,50,0.8486,42.43,44
2026-06-25,Term 2 2026,8,3,0,50,0.86,43.0,45
2026-06-26,Term 2 2026,8,4,0,50,0.86,43.0,41
2026-06-29,Term 2 2026,9,0,0,50,0.8571,42.86,42
2026-06-30,Term 2 2026,9,1,0,50,0.8543,42.71,42
2026-07-01,Term 2 2026,9,2,0,50,0.8571,42.86,44
2026-07-02,Term 2 2026,9,3,0,50,0.8629,43.14,44
2026-07-03,Term 2 2026,9,4,0,50,0.8629,43.14,43
2026-07-06,Term 2 2026,10,0,0,50,0.86,43.0,40
2026-07-07,Term 2 2026,10,1,0,50,0.8457,42.29,42
2026-07-08,Term 2 2026,10,2,0,50,0.8486,42.43,45
2026-07-09,Term 2 2026,10,3,0,50,0.8571,42.86,44
2026-07-10,Term 2 2026,10,4,0,50,0.8629,43.14,40
2026-07-13,Term 2 2026,11,0,0,50,0.8514,42.57,40
2026-07-14,Term 2 2026,11,1,0,50,0.84,42.0,43
2026-07-15,Term 2 2026,11,2,0,50,0.84,42.0,45
2026-07-16,Term 2 2026,11,3,0,50,0.8543,42.71,44
2026-07-17,Term 2 2026,11,4,0,50,0.86,43.0,42
2026-07-20,Term 2 2026,12,0,1,50,0.8514,42.57,37
2026-07-21,Term 2 2026,12,1,1,50,0.8314,41.57,38
2026-07-22,Term 2 2026,12,2,1,50,0.8257,41.29,39
2026-07-23,Term 2 2026,12,3,1,50,0.8229,41.14,37
2026-07-24,Term 2 2026,12,4,1,50,0.8057,40.29,34
2026-07-27,Term 2 2026,13,0,1,50,0.7743,38.71,34
2026-07-28,Term 2 2026,13,1,1,50,0.7457,37.29,36
2026-07-29,Term 2 2026,13,2,1,50,0.7286,36.43,36
2026-07-30,Term 2 2026,13,3,1,50,0.7257,36.29,36
2026-07-31,Term 2 2026,13,4,1,50,0.72,36.0,34
2026-08-03,Term 2 2026,13,0,1,50,0.7057,35.29,36
2026-08-04,Term 2 2026,13,1,1,50,0.7029,35.14,36
2026-08-05,Term 2 2026,13,2,1,50,0.7086,35.43,36
2026-08-06,Term 2 2026,13,3,1,50,0.7143,35.71,37
2026-08-07,Term 2 2026,13,4,1,50,0.7171,35.86,37
